Student Number,Lab Quiz 1 (in Lab) on-campus students only (7083705),Lab Quiz 2 (7083706),Lab Quiz 3 (7083707),Lab Quiz 4 (7083708),Lab Quiz 5 (7083709),Lab Quiz 6 (7083710),Lab Quiz 7 (7083711),Lab Quiz 8 (7083712),Lab Quiz 9 (7083713),Lab Quiz 10 (7083704),Roll Call Attendance (7083726),Surviving ENGR 112 Quiz (7083659),Self-Check (7083727),Collaboration and plagiarism policy (7083657),Required Textbook Reading Schedule and Activities - Week 1 (7083716),Required Textbook Reading Schedule and Activities - Week 2 (7083718),Required Textbook Reading Schedule and Activities - Week 3 (7083719),Required Textbook Reading Schedule and Activities - Week 4 (7083720),Required Textbook Reading Schedule and Activities - Week 5 (7083721),Required Textbook Reading Schedule and Activities - Week 6 (7083722),Required Textbook Reading Schedule and Activities - Week 7 (7083723),Required Textbook Reading Schedule and Activities - Week 8 (7083724),Required Textbook Reading Schedule and Activities - Week 9 (7083725),Required Textbook Reading Schedule and Activities - Week 10 (7083717),Required Zybook Challenge Activities- Week 1 (7099636),Required Zybook Challenge Activities- Week 2 (7099640),Required Zybook Challenge Activities- Week 3 (7099641),Required Zybook Challenge Activities- Week 4 (7099642),Required Zybook Challenge Activities- Week 5 (7099644),Required Zybook Challenge Activities- Week 6 (7099646),Required Zybook Challenge Activities- Week 7 (7099647),Required Zybook Challenge Activities- Week 8 (7099649),Required Zybook Challenge Activities- Week 9 (7099651),Required Zybook Challenge Activities- Week 10 (7099653),Lab 0 Practice hand-in (7083693),Lab 1 Exercise (7083695),Lab 2 Exercise (7083696),Lab 3 Exercise (7083697),Lab 4 Exercise (7083698),Lab 5 Exercise (7083699),Lab 6 Exercise (7083700),Lab 7 Exercise (7083701),Lab 8 Exercise (7083702),Lab 9 Exercise (7083703),Lab 10 Exercise (7083694),Homework 0 Practice hand-in (7083683),Homework 1 (7083684),Homework 2 (7083685),Homework 3 (7083686),Homework 4 (7083687),Homework 5 (7083688),Homework 6 (7083689),Homework 7 (7083690),Homework 8 (7083691),Homework 9 (7083692),Midterm I (7083714),Midterm I (ECampus) (7083675),Midterm II (7083715),Midterm II (ECampus) (7083673),Final Exam (online exam) (7083677),Final (on campus) (7083682),On campus students only- Oct 23rd and 27th lecture extra credit (7083665),Challenge questions extra credit (7136912),MiniQuiz Current Score,MiniQuiz Final Score,Assignments Current Score,Assignments Final Score,Bookkeeping Current Score,Bookkeeping Final Score,Test Current Score,Test Final Score,Textbook Activities Current Score,Textbook Activities Final Score,Labs Current Score,Labs Final Score,Imported Assignments Current Score,Imported Assignments Final Score,Homeworks Current Score,Homeworks Final Score,Midterm I Current Score,Midterm I Final Score,Midterm II Current Score,Midterm II Final Score,Final Current Score,Final Final Score,Extra credit activities (on campus only) Current Score,Extra credit activities (on campus only) Final Score,Challenge questions extra credit questions extra credit Current Score,Challenge questions extra credit questions extra credit Final Score,Current Score,Final Score
1,5,3,0,0,0,0,0,0,0,0,0,19.83333333,0,91,0,82.76,0,0,0,0,0,0,0,0,0,47.06,0,0,0,0,0,0,0,0,5,50,0,0,0,0,0,0,0,0,0,0,0,0,0,0,0,0,0,0,0,0,0,0,0,0,0,0,0,100,17.78,0,0,79.33,15.87,82.73,82.73,32.46,6.49,52.38,5.47,0,0,0,0,0,0,0,0,0,0,0,0,0,0,47.18,1.44
2,5,3,4.5,5,5,3.4,5,3.5,5,1,0,20.5,0,110,52.17391304,100,100,100,100,100,100,100,100,100,100,100,92.86,100,100,100,100,100,100,100,5,60,105,100,80,90,100,100,125,105,140,5,540,600,545,611,365,490,490,530,250,26.25,0,30.25,0,0,19.25,300,0,87.56,87.56,0,0,0,16.4,100,100,97.25,97.25,100.5,100.5,0,0,119.46,119.46,54.69,54.69,63.02,63.02,48.13,48.13,100,100,0,0,80.96,80.96
3,5,3,4,5,5,5,5,5,5,3,0,22,0,110,100,100,100,100,100,100,100,100,100,100,84.61538,100,100,100,100,100,100,100,100,100,5,84,105,90,95,100,110,100,105,140,140,0,568,595,525,485,460,510,517.5,540,350,36.25,0,41,0,0,29.25,300,0,93.33,93.33,0,0,0,17.6,100,100,99.23,99.23,106.87,106.87,0,0,122.99,122.82,75.52,75.52,85.42,85.42,73.13,73.13,100,100,0,0,95.2,95.16
4,0,0,0,0,0,0,0,0,0,0,0,0,0,0,0,0,0,0,0,0,0,0,0,0,0,0,0,0,0,0,0,0,0,0,0,0,0,0,0,0,0,0,0,0,0,0,0,0,0,0,0,0,0,0,0,0,0,0,0,0,0,0,0,0,0,0,0,0,0,0,0,0,0,0,0,0,0,0,0,0,0,0,0,0,0,0,0,0,0,0,0
5,5,5,3.5,5,0,4,5,0,5,0,0,22,0,110,100,100,100,100,100,100,100,100,100,100,100,100,100,100,100,100,100,100,100,100,5,104,100,100,80,85,100,105,105,95,140,3,522.5,580,415,587.5,392.5,470,515,451,210,35.5,0,38.25,0,0,34,300,1,81.25,72.22,0,0,0,17.6,100,100,100,100,101.39,101.39,0,0,111.92,111.92,73.96,73.96,79.69,79.69,85,85,100,100,100,100,93.77,93.59
6,5,0,0,0,0,0,0,0,0,0,0,0,0,88.5,0,0,37.84,0,100,0,0,0,0,0,0,0,7.14,0,0,0,0,0,0,0,0,0,0,0,0,0,0,0,0,0,0,0,0,0,0,0,0,0,0,0,0,19.5,0,11.75,0,0,0,0,0,11.11,11.11,0,0,0,0,80.45,80.45,7.25,7.25,0,0,0,0,0,0,40.63,40.63,24.48,24.48,0,0,0,0,0,0,12.67,12.67
7,5,5,4.5,5,5,4.8,5,3,0,1,0,22,0,110,56.521739,100,100,100,100,100,100,100,100,100,100,100,100,100,100,100,100,100,100,100,5,73,110,98.5,80,77.5,100,100,130,110,140,5,555,595,525,285,400,470,497.5,500,250,20.75,0,39.5,0,0,21.75,300,0,93.25,85.11,0,0,0,17.6,100,100,97.83,97.83,101.89,101.89,0,0,110.19,110.19,43.23,43.23,82.29,82.29,54.37,54.37,100,100,0,0,81.52,81.36
8,0,0,3,5,0,4.4,0,0,0,0,0,22,0,100,10.869565,0,100,100,100,100,0,0,0,0,15.38462,17.65,35.71,80,14.29,0,0,0,0,0,5,0,90,57,0,0,0,0,0,0,0,3,418,0,285,200,0,0,0,0,0,0,0,0,0,0,0,300,0,49.6,31,0,0,0,17.6,90.91,90.91,35.87,28.7,18.88,15.12,0,0,30.15,24.45,0,0,0,0,0,0,100,100,0,0,32.17,12.06
9,5,0,0,0,0,0,0,0,0,0,0,21.08333333,0,102.5,100,0,8.11,100,0,0,0,0,0,0,61.53846,0,0,61.54,0,0,0,0,0,0,2.5,0,0,0,0,0,0,0,0,0,0,0,0,0,0,0,0,0,0,0,0,7.75,0,0,0,0,0,0,0,11.11,11.11,0,0,84.33,16.87,93.18,93.18,16.56,16.56,0.25,0.25,0,0,0,0,16.15,16.15,0,0,0,0,0,0,0,0,4.8,4.8
10,0,0,0,0,0,0,0,0,0,0,0,0,0,0,0,0,0,0,0,0,0,0,0,0,0,0,0,0,0,0,0,0,0,0,0,0,0,0,0,0,0,0,0,0,0,0,0,0,0,0,0,0,0,0,0,0,0,0,0,0,0,0,0,0,0,0,0,0,0,0,0,0,0,0,0,0,0,0,0,0,0,0,0,0,0,0,0,0,0,0,0
11,5,5,5,5,5,4,5,3,5,4.5,0,22,0,110,100,100,100,100,100,100,100,100,100,100,100,88.24,100,100,85.71,100,100,100,100,100,5,105,105,120,100,90,112.5,100,120,135,140,5,530,590,540,565,470,570,490,645,280,37,0,39,0,0,37,300,1,96.67,96.67,0,0,0,17.6,100,100,98.7,98.7,112.69,112.69,0,0,126.45,126.45,77.08,77.08,81.25,81.25,92.5,92.5,100,100,100,100,100.76,100.76
12,5,5,4.5,0,0,0,0,0,0,0,0,22,0,110,100,100,56.76,0,0,0,0,0,0,0,100,47.06,50,0,0,0,0,0,0,0,4,0,0,0,0,0,0,0,0,0,0,5,510,265,0,0,0,0,0,0,0,0,0,0,0,0,0,0,0,100,32.22,0,0,0,17.6,100,100,75.64,22.69,1.95,0.4,0,0,64.73,21.05,0,0,0,0,0,0,0,0,0,0,57.56,8.21
13,5,5,0,5,0,0,0,0,0,0,0,22,0,110,47.826087,100,100,100,100,100,100,100,100,0,0,76.47,71.43,80,57.14,100,100,100,100,0,5,95,100,95,0,0,0,0,0,0,0,0,500,470,442.5,315,190,275,140,330,0,40.75,0,37.25,0,0,20.25,0,1,33.33,33.33,0,0,0,17.6,100,100,76.64,76.64,29.35,29.35,0,0,71.96,71.86,84.9,84.9,77.6,77.6,50.63,50.63,0,0,100,100,68.54,68.51
14,0,0,0,0,0,0,0,0,0,0,0,0,0,0,0,0,0,0,0,0,0,0,0,0,0,0,0,0,0,0,0,0,0,0,0,0,0,0,0,0,0,0,0,0,0,0,0,0,0,0,0,0,0,0,0,0,0,0,0,0,0,0,0,0,0,0,0,0,0,0,0,0,0,0,0,0,0,0,0,0,0,0,0,0,0,0,0,0,0,0,0
15,5,2,4,5,5,2,5,1,5,0,0,21.5,0,110,0,0,100,100,100,0,0,0,0,0,0,0,0,0,0,0,0,0,0,0,5,0,0,0,72,0,0,0,0,0,140,0,0,0,0,0,0,0,0,0,0,16.75,0,14.75,0,0,17.5,300,0,75.56,75.56,0,0,0,17.2,100,100,15,15,21.59,21.59,0,0,0,0,34.9,34.9,30.73,30.73,43.75,43.75,100,100,0,0,26.11,26.11
16,5,5,0,5,0,0,0,0,0,0,0,22,0,96.5,0,0,100,100,86.84,94,100,100,100,100,0,0,71.43,80,64.29,100,100,100,100,100,5,77,110,75,40,0,0,0,0,0,0,0,403,430,380,302.5,0,320,180,185,0,40.25,0,37.25,0,0,17.5,0,0,33.33,33.33,0,0,0,17.6,87.73,87.73,74.83,74.83,30.55,30.55,0,0,59.47,59.39,83.85,83.85,77.6,77.6,43.75,43.75,0,0,0,0,62.84,62.82
17,5,0,3,0,0,0,0,0,0,0,0,20.33333333,0,110,30.434783,100,35.14,73.9,0,0,0,0,0,0,38.46153846,0,0,38.46,0,0,0,0,0,0,4,0,0,0,0,0,0,0,0,0,0,0,0,0,0,0,0,0,0,0,0,0,5,0,0,0,0,0,0,20,17.78,0,0,81.33,16.27,100,100,15.82,15.82,0.4,0.4,0,0,0,0,10.87,10.87,0,0,0,0,0,0,0,0,3.97,3.93
18,5,5,4,5,5,4.6,5,5,0,3,0,21.66666667,0,110,100,100,100,100,100,100,100,100,100,100,100,100,100,100,42.86,100,100,100,100,100,3,110,110,95,80,28,112.5,100,100,145,140,3,545,570,425,320,297.5,420,265,453,320,36.25,0,39.75,0,0,23.25,300,0,92.44,92.44,0,0,0,17.33,100,100,97.14,97.14,101.84,101.84,0,0,97.67,97.67,75.52,75.52,82.81,82.81,58.13,58.13,100,100,0,0,84.92,84.92
19,5,3,0,0,0,0,0,0,0,0,0,21.5,0,110,45.652174,0,0,0,0,0,0,0,0,0,38.46153846,0,0,0,0,0,0,0,0,0,4,73,0,0,0,0,0,0,0,0,0,0,0,0,0,0,0,0,0,0,0,0,0,0,0,0,0,0,0,100,17.78,0,0,86,17.2,100,100,42.06,4.21,73.33,7.66,0,0,0,0,0,0,0,0,0,0,0,0,0,0,60.36,1.39
20,5,0,4,5,5,5,5,3,0,2,0,21.66666667,0,94,26.086957,96.55,100,100,94.7,100,100,75,100,100,100,100,100,100,100,100,100,0,100,75,5,82,105,0,75,37.5,100,105,130,100,140,3,235,385,302.5,250,125,0,490,441,300,29.25,0,38.25,0,0,33.25,0,1,85,75.56,0,0,86.67,17.33,85.45,85.45,88.37,88.37,87.51,87.51,0,0,68.33,68.33,60.94,60.94,79.69,79.69,83.13,83.13,0,0,100,100,76.73,76.54
21,5,0,0,0,0,0,0,0,0,0,0,20.66666667,0,100,93.478261,0,0,0,0,0,0,0,0,0,61.53846154,0,0,0,0,0,0,0,0,0,5,95,0,0,0,0,0,0,0,0,0,0,0,0,0,0,0,0,0,0,0,0,0,0,0,0,0,0,0,100,11.11,0,0,82.67,16.53,90.91,90.91,77.51,7.75,95.24,9.95,0,0,0,0,0,0,0,0,0,0,0,0,0,0,86.85,1.79
22,5,5,5,5,5,4.8,5,5,5,4,0,22,0,110,100,100,100,100,100,100,100,100,100,100,100,100,100,100,100,100,100,100,100,100,5,110,110,120,100,95,100,105,120,145,140,0,590,600,550,480,405,530,360,395,250,44,0,40.75,0,0,29.5,0,1,99.56,99.56,0,0,0,17.6,100,100,100,100,114.43,114.43,0,0,112.43,112.28,91.67,91.67,84.9,84.9,73.75,73.75,0,0,100,100,96.05,96.01
23,5,5,4,5,0,4,0,2,5,0,0,21.5,0,105,100,100,100,100,100,100,100,100,100,100,100,100,100,100,0,100,100,100,100,100,5,106,110,110,85,0,112.5,105,110,145,140,5,570,525,440,415,0,460,360,410,390,30.75,0,41.75,0,0,28.25,300,1,66.67,66.67,0,0,0,17.2,95.45,95.45,95,95,102.34,102.34,0,0,96.49,96.49,64.06,64.06,86.98,86.98,70.63,70.63,100,100,100,100,86,86
24,5,5,2,0,0,0,0,0,0,0,0,20.75,0,96,100,100,0,0,0,0,0,0,0,0,100,94.12,0,0,0,0,0,0,0,0,5,95,0,0,0,0,0,0,0,0,0,5,565,0,0,0,0,0,0,0,0,0,0,0,0,0,0,0,0,100,26.67,0,0,83,16.6,87.27,87.27,98.53,19.71,95.24,9.95,0,0,94.21,15.38,0,0,0,0,0,0,0,0,0,0,95.61,7.15
25,5,5,4,5,5,4,5,5,0,3,0,21.75,0,100.5,100,34.48,100,100,89.47,100,100,93.75,100,57.14,100,94.12,100,100,100,85.71,100,100,100,100,5,90,80,102.5,0,40,100,100,0,145,130,5,520,295,470,385,337.5,435,270,448,200,38,0,41.75,0,0,31.25,0,0,95,91.11,0,0,0,17.4,91.36,91.36,92.73,92.73,78.86,78.86,0,0,90.84,90.84,79.17,79.17,86.98,86.98,78.13,78.13,0,0,0,0,84.94,84.86
26,5,0,0,0,0,0,0,0,0,0,0,22,0,110,100,0,0,0,0,0,0,0,0,0,38.46153846,0,0,0,0,0,0,0,0,0,5,0,0,0,0,0,0,0,0,0,0,5,0,0,0,0,0,0,0,0,0,0,0,0,0,0,0,0,0,100,11.11,0,0,88,17.6,100,100,69.23,6.92,100,0.5,0,0,100,0.13,0,0,0,0,0,0,0,0,0,0,93.16,0.99
27,5,5,0,5,5,4.6,5,3,5,3,0,21.66666667,0,110,100,100,100,100,100,100,100,100,100,100,100,100,100,100,100,100,100,100,0,100,5,110,90,70,65,77.5,93.5,100,125,136,140,5,600,600,440,455,495,420,290,660,500,32.5,0,37.25,0,0,22.25,300,1,90.22,90.22,0,0,86.67,17.33,100,100,95,95,100.7,100.7,0,0,120.51,120.51,67.71,67.71,77.6,77.6,55.63,55.63,100,100,100,100,88.46,88.46
28,5,5,5,0,0,0,0,0,0,0,0,20,0,91.5,100,100,94.6,100,0,0,0,0,0,0,61.53846154,0,14.29,100,0,0,0,0,0,0,5,80,25,52.5,0,0,0,0,0,0,0,4,245,85,0,0,0,0,0,0,0,0,0,0,0,0,0,0,0,75,33.33,0,0,0,16,83.18,83.18,71.3,28.52,53.28,16.17,0,0,20.81,9.01,0,0,0,0,0,0,0,0,0,0,40.21,7.07
29,0,0,0,0,0,0,0,0,0,0,0,21.33333333,0,103.5,97.826087,96.55,89.19,0,0,0,0,0,0,0,76.92307692,100,100,0,0,0,0,0,0,0,0,88,35,0,0,0,0,0,0,0,0,0,300,0,0,0,0,0,0,0,0,0,0,0,0,0,0,0,0,0,0,0,0,0,17.07,94.09,94.09,93.41,28.02,60,12.24,0,0,25,8.1,0,0,0,0,0,0,0,0,0,0,47.42,5.81
30,5,5,5,5,5,4.6,5,5,5,4.5,0,21.66666667,0,110,100,100,100,100,100,100,100,100,100,100,100,100,100,100,100,100,100,100,100,100,5,110,75,120,100,100,112.5,105,130,140,140,5,580,570,545,660,500,570,455,550,320,36.5,0,42,0,0,37.15,300,1,99.11,99.11,0,0,0,17.33,100,100,100,100,113.18,113.18,0,0,128.34,128.34,76.04,76.04,87.5,87.5,92.88,92.88,100,100,100,100,102.46,102.46
31,5,3,2,5,0,0,0,0,0,0,0,21.5,0,110,100,100,100,100,0,0,0,0,0,0,100,100,100,100,0,0,0,0,0,0,5,60,90,0,0,0,0,0,0,0,0,5,475,0,0,0,0,0,0,0,0,0,0,0,0,0,0,0,0,86.67,33.33,0,0,0,17.2,100,100,100,40,50.82,15.42,0,0,39.83,12.96,0,0,0,0,0,0,0,0,0,0,57.24,9.14
32,0,0,0,0,0,0,0,0,0,0,0,20.66666667,0,105,0,100,100,100,100,100,0,0,0,0,61.53846154,17.65,85.71,100,28.57,42.86,0,0,0,0,0,0,100,0,0,0,0,0,0,0,0,0,505,590,185,400,0,0,0,0,0,0,43.5,0,0,0,0,0,0,0,0,0,0,0,16.53,95.45,95.45,69.69,41.82,16.67,9.95,0,0,83.79,45.34,94.57,94.57,0,0,0,0,0,0,0,0,75.86,33.34
33,0,0,0,0,0,0,0,0,0,0,0,22,0,110,100,100,100,100,100,100,100,100,100,100,100,94.12,100,100,100,100,100,100,100,100,5,110,110,90,100,95,87.5,105,110,150,140,5,560,575,465,520,420,565,390,435,175,0,39,0,36.85,34.8,0,0,1,0,0,0,0,0,17.6,100,100,99.71,99.71,109.7,109.7,0,0,110.93,110.93,84.78,84.78,80.11,80.11,77.33,77.33,0,0,100,100,92.78,91.85
34,5,5,2.5,0,0,0,0,0,0,0,0,22,0,100,100,100,0,0,0,0,0,0,0,0,100,88.24,0,0,0,0,0,0,0,0,5,95,90,0,0,0,0,0,0,0,0,0,0,0,0,0,0,0,0,0,0,0,0,0,0,0,0,0,0,100,27.78,0,0,88,17.6,90.91,90.91,97.06,19.41,92.68,18.91,0,0,0,0,0,0,0,0,0,0,0,0,0,0,42.49,4.01
35,5,3,4,5,5,4.2,5,5,5,5,0,22,0,110,100,100,100,100,100,100,100,100,100,97.14,100,100,100,100,92.86,71.43,100,100,100,100,5,103,88,35,80,70,87.5,105,138,149,130,3,336,570,370,585,355,550,355,535,440,29,0,40.75,0,0,27.75,300,1,96,96,0,0,0,17.6,100,100,98.07,98.07,98.56,98.56,0,0,110.63,110.63,60.42,60.42,84.9,84.9,69.38,69.38,100,100,100,100,88.86,88.86
36,5,3,5,5,5,4.4,5,5,0,0,0,22,0,110,0,0,100,100,21.05,100,100,100,0,0,0,0,85.71,100,85.71,85.71,100,100,0,0,5,95,80,99,50,25,97.5,0,135,0,0,5,570,523,100,215,0,0,130,0,0,39,0,36.75,0,0,0,0,0,83.11,83.11,0,0,0,17.6,100,100,53.91,53.91,58.36,58.36,0,0,41.65,41.65,81.25,81.25,76.56,76.56,0,0,0,0,0,0,50.54,50.54
37,5,3,2,5,5,4.4,5,5,0,4.5,0,22,0,96.5,50,100,100,100,0,100,100,100,100,2.86,84.61538462,47.06,50,84.6,28.57,0,0,0,100,100,5,90,100,0,100,0,85,105,105,120,140,5,560,480,445,390,300,140,180,0,250,29.25,0,38.5,0,0,35.15,0,0,92.25,86.44,0,0,0,17.6,87.73,87.73,62.39,62.39,93.92,84.58,0,0,74.22,74.22,60.94,60.94,80.21,80.21,87.87,87.87,0,0,0,0,76.26,75.39
38,0,4,3.5,5,0,0,0,0,0,0,0,0,0,110,0,0,0,0,0,0,0,0,0,0,0,0,0,0,0,0,0,0,0,0,EX,EX,0,0,0,0,0,0,0,0,0,0,EX,0,0,0,0,0,0,0,0,13,0,0,0,0,0,0,0,90,31.25,0,0,0,0,100,100,0,0,0,0,0,0,0,0,27.08,27.08,0,0,0,0,0,0,0,0,6.68,5.5
39,5,5,4,5,5,4.2,5,5,5,3,0,22,0,110,50,100,100,100,100,100,100,100,100,100,92.30769231,100,100,100,100,100,100,100,50,100,5,100,90,19,0,60,112.5,105,140,150,140,4,535,590,465,650,310,0,390,615,450,30.75,0,31.25,0,0,29.5,300,1,96,96,0,0,0,17.6,100,100,94.62,94.62,91.69,91.69,0,0,108.21,108.21,64.06,64.06,65.1,65.1,73.75,73.75,100,100,100,100,85.28,85.28
40,5,5,4.5,5,5,3.8,5,5,5,3,0,22,0,110,100,0,100,100,100,100,100,100,100,100,100,100,92.86,100,92.86,100,100,100,100,100,5,107,110,100,75,0,110,105,108,125,130,5,590,600,485,620,420,475,545,490,330,31.25,0,34.75,0,0,32.6,300,1,96.22,96.22,0,0,0,17.6,100,100,94.29,94.29,97.01,97.01,0,0,123.08,123.08,65.1,65.1,72.4,72.4,81.5,81.5,100,100,100,100,92.37,92.37
41,5,5,2,5,5,4,5,1,5,3,0,20.16666667,0,110,100,100,100,100,100,100,100,100,100,100,53,0,7.14,53.85,0,100,100,100,100,50,5,0,110,35,57.5,25,100,105,140,145,140,5,590,90,325,387.5,320,380,250,510,215,37.75,0,35.75,0,0,23.5,300,0,86.67,86.67,0,0,80.67,16.13,100,100,78.2,78.2,85.82,85.82,0,0,82.93,82.93,78.65,78.65,74.48,74.48,58.75,58.75,100,100,0,0,77.13,77.13
42,5,5,0,0,0,0,0,0,0,0,0,22,0,110,100,0,0,0,0,0,0,0,0,0,100,0,0,0,0,0,0,0,0,0,5,95,0,0,0,0,0,0,0,0,0,5,0,0,0,0,0,0,0,0,0,0,0,0,0,0,0,0,0,100,22.22,0,0,88,17.6,100,100,100,10,95.24,9.95,0,0,100,0.13,0,0,0,0,0,0,0,0,0,0,99.15,2.27
43,5,5,0,5,0,0,0,0,0,0,0,21.33333333,0,110,97.826087,0,91.9,97.83,0,0,0,0,0,0,92.30769231,76.47,0,92.3,0,0,0,0,0,0,5,0,0,0,0,0,0,0,0,0,0,0,346,255,0,0,0,0,0,0,0,0,0,0,0,0,0,0,0,60,33.33,0,0,0,17.07,100,100,45.72,27.43,0.99,0.5,0,0,29.98,16.22,0,0,0,0,0,0,0,0,0,0,29.66,7.5
44,5,3,4,5,0,4.4,0,0,0,0,0,22,0,110,100,100,100,100,100,100,0,0,0,0,100,100,100,100,0,100,0,0,0,0,5,0,110,110,46,0,112.5,0,0,0,0,0,495,525,395,0,0,0,0,0,0,0,0,0,0,0,0,300,0,71.33,47.56,0,0,0,17.6,100,100,91.67,55,63.39,38.16,0,0,70.57,38.19,0,0,0,0,0,0,100,100,0,0,74.72,20.3
45,5,5,4,5,5,4.2,0,0,0,0,0,18.66666667,0,96.5,93.478261,100,100,100,86.84,100,0,0,0,0,92.30769231,94.12,85.71,92.3,28.57,100,0,0,0,0,5,0,100,120,0,95,0,0,0,0,0,3,575,555,260,0,0,0,0,0,0,0,0,0,0,0,0,0,0,96.8,62.67,0,0,0,14.93,87.73,87.73,89.44,53.67,63.37,31.84,0,0,69.48,37.6,0,0,0,0,0,0,0,0,0,0,74.04,18.57
46,0,0,0,0,0,0,0,0,0,0,0,19.66666667,0,105,100,100,100,100,100,100,100,100,100,100,100,100,100,100,100,100,0,50,100,100,5,80,90,120,88,0,110,85,135,131,130,0,465,470,345,270,227.5,245,250,485,370,0,29.5,0,33.25,39.1,0,0,1,0,0,0,0,78.67,15.73,95.45,95.45,92.5,92.5,96.92,96.92,0,0,84.41,84.41,64.13,64.13,72.28,72.28,86.89,86.89,0,0,100,100,80.98,80.17
47,5,5,4,0,0,0,0,0,0,0,0,21.66666667,0,102.5,100,100,100,0,0,0,0,0,0,0,76.92307692,17.65,7.14,0,0,0,0,0,0,0,5,60,0,0,0,0,0,0,0,0,0,5,540,0,0,0,0,0,0,0,0,0,0,0,0,0,0,0,0,100,31.11,0,0,0,17.33,93.18,93.18,66.95,20.09,31.71,6.47,0,0,45.23,14.71,0,0,0,0,0,0,0,0,0,0,50.09,6.83
48,5,5,5,5,5,5,5,3.5,5,1,0,22,0,110,100,100,100,100,100,100,100,100,100,100,100,70.59,100,100,50,42.86,50,50,100,0,5,110,105,90,51,60,125,105,140,149,140,0,590,575,500,560,440,380,590,610,250,37,0,42.25,0,0,7,300,0,96.67,96.67,0,0,0,17.6,100,100,83.17,83.17,107.46,107.46,0,0,121.32,121.32,77.08,77.08,88.02,88.02,17.5,17.5,100,100,0,0,83.47,83.47
49,5,0,3,5,0,5,5,2,5,0,0,21.66666667,0,110,97.826087,100,100,100,100,100,100,100,100,100,100,88.24,85.71,100,78.57,100,100,100,100,100,5,70,100,60,100,75,87.5,75,135,113,140,5,550,555,320,200,315,370,350,505,200,37.5,0,42.25,0,0,30.4,200,0,85.71,66.67,0,0,86.67,17.33,100,100,97.52,97.52,95.57,95.57,0,0,90.96,90.96,78.13,78.13,88.02,88.02,76,76,66.67,66.67,0,0,87.03,86.65
50,0,0,0,0,0,0,0,0,0,0,0,20.41666667,0,100,100,100,100,100,0,100,100,0,100,100,100,100,100,100,0,100,100,0,0,100,5,50,105,120,0,0,0,0,0,0,0,5,550,570,400,420,300,295,543,430,100,0,37,0,36.3,42.33,0,0,1,0,0,0,0,81.67,16.33,90.91,90.91,75,75,27.86,27.86,0,0,97.52,97.52,80.43,80.43,78.91,78.91,94.07,94.07,0,0,100,100,82.49,81.66
51,5,5,4.5,5,5,3.2,5,5,5,4,0,21.66666667,0,105,93.478261,100,100,100,100,100,100,100,100,100,84.61538462,100,100,100,100,100,100,100,100,100,5,93,0,110,90,100,82.5,100,140,140,130,0,450,560,365,525,450,540,460,540,325,34.5,0,43.75,0,0,32.5,300,1,96.67,96.67,0,0,86.67,17.33,95.45,95.45,98.9,98.9,98.56,98.56,0,0,113.77,113.77,71.88,71.88,91.15,91.15,81.25,81.25,100,100,100,100,95.18,95.18
52,0,0,0,0,0,0,0,0,0,0,0,21.41666667,0,110,0,0,94.6,53.85,100,24,100,100,100,100,0,0,71.43,100,0,0,0,0,0,0,0,0,0,0,100,0,112.5,105,130,150,140,0,0,275,415,370,100,0,100,475,0,0,32,0,37.7,36.05,0,0,0,0,0,0,0,85.67,17.13,100,100,42.19,42.19,73.38,73.38,0,0,46.83,46.83,69.57,69.57,81.96,81.96,80.11,80.11,0,0,0,0,65.6,64.29
53,5,5,4,5,5,4.2,5,5,5,5,0,22,0,110,100,100,100,100,100,100,100,100,100,100,100,100,100,100,100,100,100,100,100,50,5,110,110,114,90,0,112.5,105,140,150,140,5,560,525,510,525,420,582.5,465,540,300,41,0,40.25,0,0,31.75,300,1,98.22,98.22,0,0,0,17.6,100,100,97.5,97.5,107.11,107.11,0,0,119.64,119.64,85.42,85.42,83.85,83.85,79.38,79.38,100,100,100,100,97.99,97.99
54,5,3,4,5,0,0,0,0,0,0,0,21.75,0,105,100,100,27.03,100,0,0,0,0,0,0,100,94.12,0,100,7.14,0,0,0,0,0,4,100,80,0,0,0,0,0,0,0,0,0,525,265,0,0,0,0,0,0,0,0,0,0,0,0,0,0,0,68,37.78,0,0,0,17.4,95.45,95.45,62.83,31.41,45.43,18.31,0,0,39.4,21.32,0,0,0,0,0,0,0,0,0,0,46.95,10.69
55,0,0,0,0,0,0,0,0,0,0,0,0,0,0,0,0,0,0,0,0,0,0,0,0,0,0,0,0,0,0,0,0,0,0,0,0,0,0,0,0,0,0,0,0,0,0,0,0,0,0,0,0,0,0,0,0,0,0,0,0,0,0,0,0,0,0,0,0,0,0,0,0,0,0,0,0,0,0,0,0,0,0,0,0,0,0,0,0,0,0,0
56,5,5,4,5,5,4.6,5,5,5,4,0,22,0,92.5,100,100,100,100,100,100,100,100,100,100,100,100,100,100,100,100,100,100,100,100,5,110,106,119,100,90,125,100,135,150,140,4,520,555,505,475,520,452.5,675,700,425,28.5,0,34.25,0,0,21.25,300,1,96.89,96.89,0,0,0,17.6,84.09,84.09,100,100,117.41,117.41,0,0,130.4,130.4,59.38,59.38,71.35,71.35,53.13,53.13,100,100,100,100,89.81,89.81
57,0,0,0,0,0,0,0,0,0,0,0,0,0,0,0,0,0,0,0,0,0,0,0,0,0,0,0,0,0,0,0,0,0,0,0,0,0,0,0,0,0,0,0,0,0,0,0,0,0,0,0,0,0,0,0,0,0,0,0,0,0,0,0,0,0,0,0,0,0,0,0,0,0,0,0,0,0,0,0,0,0,0,0,0,0,0,0,0,0,0,0
58,5,5,3.5,5,0,0,0,0,0,0,0,21,0,100,0,100,0,0,0,0,0,0,0,0,0,0,0,0,0,0,0,0,0,0,0,40,100,0,0,0,0,0,0,0,0,0,235,0,0,0,0,0,0,0,0,0,0,0,0,0,0,0,0,41.11,41.11,0,0,0,16.8,90.91,90.91,5,5,13.93,13.93,0,0,6.34,6.34,0,0,0,0,0,0,0,0,0,0,8.94,4.02
59,5,5,4,5,5,0,0,5,5,2.5,0,21,0,102.5,100,100,100,100,100,24,100,6.25,23.81,100,100,100,100,100,64.29,0,100,0,100,0,3,105,110,64,4,0,100,100,0,120,140,2,370,435,330,170,217.5,0,50,245,50,18.75,0,34.25,0,0,22.25,300,1,81.11,81.11,0,0,0,16.8,93.18,93.18,70.92,70.92,74.23,74.23,0,0,50.46,50.46,39.06,39.06,71.35,71.35,55.63,55.63,100,100,100,100,59.96,59.96
60,5,5,5,5,5,5,5,5,5,4,0,20.66666667,0,89,0,0,0,100,0,100,100,31.25,100,100,0,82.35,0,100,21.43,71.43,100,0,100,100,4,0,70,100,50,80,0,105,140,140,140,0,537.5,445,335,420,300,0,300,630,230,36.25,0,38.5,0,0,33.15,200,0,100,100,0,0,82.67,16.53,80.91,80.91,55.32,55.32,82.49,82.49,0,0,86.3,86.3,75.52,75.52,80.21,80.21,82.88,82.88,66.67,66.67,0,0,80.32,80.32
61,0,0,0,0,0,0,0,0,0,0,0,0,0,0,0,0,0,0,0,0,0,0,0,0,0,0,0,0,0,0,0,0,0,0,0,0,0,0,0,0,0,0,0,0,0,0,0,0,0,0,0,0,0,0,0,0,0,0,0,0,0,0,0,0,0,0,0,0,0,0,0,0,0,0,0,0,0,0,0,0,0,0,0,0,0,0,0,0,0,0,0
62,5,5,3,5,5,3.4,5,4.5,5,3,0,20.75,0,110,100,100,100,100,100,100,100,100,100,100,84.61538462,94.12,85.71,100,100,100,100,100,100,100,5,100,100,0,30,35,100,105,140,125,140,5,590,575,255,330,420,400,300,615,260,37.5,0,39.25,0,0,19,300,1,90.89,90.89,0,0,0,16.6,100,100,98.22,98.22,87.56,87.56,0,0,101.21,101.21,78.13,78.13,81.77,81.77,47.5,47.5,100,100,100,100,84,84
63,5,5,5,5,5,4,5,4,5,3,0,22,0,110,100,100,100,100,100,100,100,100,100,100,100,100,100,100,100,100,100,100,100,100,5,109,95,119,100,100,112.5,105,125,145,130,5,565,577,525,550,400,465,540,655,330,29.5,0,35.25,0,0,19.5,300,1,95.56,95.56,0,0,0,17.6,100,100,100,100,113.98,113.98,0,0,124.48,124.48,61.46,61.46,73.44,73.44,48.75,48.75,100,100,100,100,87.94,87.94
64,0,0,0,0,0,0,0,0,0,0,0,0,0,0,0,0,0,0,0,0,0,0,0,0,0,0,0,0,0,0,0,0,0,0,0,0,0,0,0,0,0,0,0,0,0,0,0,0,0,0,0,0,0,0,0,0,0,0,0,0,0,0,0,0,0,0,0,0,0,0,0,0,0,0,0,0,0,0,0,0,0,0,0,0,0,0,0,0,0,0,0
65,0,0,0,0,0,0,0,0,0,0,0,22,0,110,100,100,100,100,100,100,100,100,100,100,84.61538462,100,100,100,100,0,100,0,100,100,5,110,108,120,100,25,87.5,85,90,105,140,5,590,490,280,420,300,197.5,300,440,235,0,32.5,0,29.1,39.15,0,0,0,0,0,0,0,0,17.6,100,100,89.23,89.23,97.06,97.06,0,0,87.92,87.92,70.65,70.65,63.26,63.26,87,87,0,0,0,0,80.92,79.3
66,0,0,0,0,0,0,0,0,0,0,0,21.16666667,0,110,0,0,0,23.9,0,0,0,0,0,0,0,0,0,23.1,0,0,0,0,0,0,0,0,0,0,0,0,0,0,0,0,0,0,0,0,0,0,0,0,0,0,0,0,3,0,0,0,0,0,0,0,0,0,0,0,16.93,100,100,3.36,2.35,0,0,0,0,0,0,0,6.52,0,0,0,0,0,0,0,0,0.78,1.41
67,0,0,0,0,0,0,0,0,0,0,0,0,0,0,0,0,0,0,0,0,0,0,0,0,0,0,0,0,0,0,0,0,0,0,0,0,0,0,0,0,0,0,0,0,0,0,0,0,0,0,0,0,0,0,0,0,0,0,0,0,0,0,0,0,0,0,0,0,0,0,0,0,0,0,0,0,0,0,0,0,0,0,0,0,0,0,0,0,0,0,0
68,0,0,0,0,0,0,0,0,0,0,0,22,0,105,0,0,0,0,0,0,0,0,0,0,0,0,0,0,0,0,0,0,0,0,0,0,0,0,0,0,0,0,0,0,0,0,0,0,0,0,0,0,0,0,0,0,0,0,0,0,0,0,0,0,0,0,0,0,17.6,95.45,95.45,0,0,0,0,0,0,0,0,0,0,0,0,0,0,0,0,0,0,0,0
69,5,3,4.5,5,5,4.8,5,5,0,4.5,0,22,0,110,100,100,100,100,100,100,100,100,100,100,100,100,100,100,92.86,100,100,100,100,100,5,110,110,120,100,57.5,87.5,105,115,147,140,5,540,360,375,460,490,560,337.5,660,450,38,0,39.75,0,0,33,300,0,97,92.89,0,0,0,17.6,100,100,99.64,99.64,109.15,109.15,0,0,114.37,114.37,79.17,79.17,82.81,82.81,82.5,82.5,100,100,0,0,95.31,95.23
70,5,4,3,5,0,4,0,5,5,3,0,22,0,110,100,100,100,100,100,100,100,100,97.62,100,100,76.47,42.86,100,85.71,85.71,100,0,100,100,5,100,0,75,60,30,97.5,0,68,91,100,2,380,565,370,420,260,385,257.5,538,450,33,0,36.5,0,0,24.25,300,0,75.56,75.56,0,0,0,17.6,100,100,89.42,89.42,62.34,62.34,0,0,97.91,97.91,68.75,68.75,76.04,76.04,60.62,60.62,100,100,0,0,78.75,78.75
71,0,0,0,0,0,0,0,0,0,0,0,0,0,0,0,0,0,0,0,0,0,0,0,0,0,0,0,0,0,0,0,0,0,0,0,0,0,0,0,0,0,0,0,0,0,0,0,0,0,0,0,0,0,0,0,0,0,0,0,0,0,0,0,0,0,0,0,0,0,0,0,0,0,0,0,0,0,0,0,0,0,0,0,0,0,0,0,0,0,0,0
72,5,3,4,5,5,3.8,5,5,5,5,0,22,0,110,100,100,100,100,100,100,100,100,100,100,100,100,100,100,100,100,100,100,50,100,5,110,110,100,100,100,100,105,100,103,140,5,570,590,500,397.5,410,565,290,500,300,37.5,0,44.25,0,0,30.5,0,1,95.11,95.11,0,0,0,17.6,100,100,97.5,97.5,106.77,106.77,0,0,111.4,111.4,78.13,78.13,92.19,92.19,76.25,76.25,0,0,100,100,94.19,94.19
73,5,0,0,0,0,0,0,0,0,0,0,20.16666667,0,90,30.434783,34.48,27.03,100,0,94,0,100,0,0,38.46153846,76.47,64.29,100,0,0,0,50,0,0,5,0,0,0,0,0,0,0,0,0,0,0,465,0,0,0,0,0,0,0,0,31.5,0,41.25,0,0,29.25,0,0,11.11,11.11,0,0,80.67,16.13,81.82,81.82,35.76,35.76,0.5,0.5,0,0,12.55,12.55,65.63,65.63,85.94,85.94,73.13,73.13,0,0,0,0,48.15,48.15
74,0,0,0,0,0,0,0,0,0,0,0,0,0,96.5,100,100,100,100,0,0,0,0,0,0,61.53846154,5.88,0,61.54,0,0,0,0,0,0,5,95,90,0,0,0,0,0,0,0,0,0,0,0,0,0,0,0,0,0,0,0,8,0,0,0,0,0,0,0,0,0,0,0,0,87.73,87.73,44.08,26.45,31.4,18.91,0,0,0,0,17.39,17.39,0,0,0,0,0,0,0,0,16.48,7.29
75,0,0,0,0,0,0,0,0,0,0,0,21.66666667,0,110,100,100,100,100,100,100,100,100,100,100,100,100,100,100,100,100,100,100,100,100,5,110,110,100,95,92.5,100,90,140,147,100,5,582,600,520,510,405,520,567.5,600,300,0,34,0,40.85,41,0,0,1,0,0,0,0,86.67,17.33,100,100,100,100,108.41,108.41,0,0,124.41,124.41,73.91,73.91,88.8,88.8,91.11,91.11,0,0,100,100,98.36,97.38
76,0,0,0,0,0,0,0,0,0,0,0,0,0,0,0,0,0,0,0,0,0,0,0,0,0,0,0,0,0,0,0,0,0,0,0,0,0,0,0,0,0,0,0,0,0,0,0,0,0,0,0,0,0,0,0,0,0,0,0,0,0,0,0,0,0,0,0,0,0,0,0,0,0,0,0,0,0,0,0,0,0,0,0,0,0,0,0,0,0,0,0
77,0,0,0,0,0,0,0,0,0,0,0,22,0,105,0,0,0,0,0,0,0,0,0,0,0,0,0,0,0,0,0,0,0,0,0,0,0,0,0,0,0,0,0,0,0,0,0,0,0,0,0,0,0,0,0,0,0,0,0,0,0,0,0,0,0,0,0,0,17.6,95.45,95.45,0,0,0,0,0,0,0,0,0,0,0,0,0,0,0,0,0,0,0,0
78,5,5,4,5,5,4.2,5,4,5,0,0,22,0,110,100,100,100,100,100,100,100,100,100,100,0,100,0,80,57.14,100,100,100,100,100,5,95,100,84,100,75,75,50,125,131,140,1,450,560,340,-40,155,340,330,710,300,31.5,0,36.75,0,0,21.75,300,0,93.78,93.78,0,0,0,17.6,100,100,86.86,86.86,97.51,97.51,0,0,84.91,84.91,65.63,65.63,76.56,76.56,54.37,54.37,100,100,0,0,76.77,76.77
79,0,0,0,0,0,0,0,0,0,0,0,22,0,100,26.086957,0,0,0,0,0,0,0,0,0,100,88.24,0,0,0,0,0,0,0,0,5,0,0,0,0,0,0,0,0,0,0,0,0,0,0,0,0,0,0,0,0,0,0,0,0,0,0,0,0,0,0,0,0,0,17.6,90.91,90.91,35.72,10.72,2.44,0.5,0,0,0,0,0,0,0,0,0,0,0,0,0,0,8.76,1.11
80,5,5,4.5,5,5,4.8,5,5,5,4.5,0,21,0,110,28.26087,100,100,100,100,100,100,100,100,100,100,100,100,100,100,100,100,100,100,100,5,110,100,120,100,90,125,95,135,145,140,4,570,580,560,590,520,570,717.5,710,500,37,0,43.75,0,0,36.5,300,1,98.44,98.44,0,0,0,16.8,100,100,96.41,96.41,115.92,115.92,0,0,143.63,143.63,77.08,77.08,91.15,91.15,91.25,91.25,100,100,100,100,106.66,106.66
81,5,3,0,0,0,0,0,0,0,0,0,22,0,110,100,100,100,100,100,100,100,100,100,100,100,100,85.71,100,28.57,0,100,0,100,100,5,110,110,19,0,0,0,0,110,125,130,5,530,530,190,525,380,480,427.5,550,250,33.5,0,28.75,0,0,17.25,0,0,20,17.78,0,0,0,17.6,100,100,85.71,85.71,60.6,60.6,0,0,104.39,104.39,69.79,69.79,59.9,59.9,43.13,43.13,0,0,0,0,71.45,71.41
82,5,5,4,5,5,3.4,5,4,5,0,0,19.33333333,0,110,100,100,100,100,100,100,100,100,100,100,92.30769231,100,100,100,100,100,100,100,100,100,5,100,80,119,100,107.5,107,80,130,136,140,3,570,-60,445,-40,225,567.5,655,680,400,28,0,39.75,0,0,24.5,300,1,92,92,0,0,77.33,15.47,100,100,99.62,99.62,109.9,109.9,0,0,93,93,58.33,58.33,82.81,82.81,61.25,61.25,100,100,100,100,83.14,83.14
83,0,0,0,0,0,0,0,0,0,0,0,21.33333333,0,100,50,0,0,0,0,0,0,0,0,0,100,0,0,0,0,0,0,0,0,0,1,0,0,0,0,0,0,0,0,0,0,0,0,0,0,0,0,0,0,0,0,0,0,0,0,0,0,0,0,0,0,0,0,0,17.07,90.91,90.91,75,7.5,20,0.1,0,0,0,0,0,0,0,0,0,0,0,0,0,0,21.16,0.76
84,5,5,4.5,5,5,4.2,5,5,5,3,0,22,0,110,100,100,100,100,100,100,100,100,100,100,100,100,100,100,100,100,100,100,100,100,5,110,110,119,100,100,100,105,105,150,140,3,600,550,575,0,270,460,270,0,400,30,0,34.25,0,0,29.75,300,1,97.11,97.11,0,0,0,17.6,100,100,100,100,113.83,113.83,0,0,84.43,84.43,62.5,62.5,71.35,71.35,74.38,74.38,100,100,100,100,82.63,82.63
85,5,5,0,5,5,3.6,5,4,5,0,0,22,0,110,100,100,100,100,100,100,100,100,100,100,100,100,100,100,100,100,100,100,100,0,5,110,110,104,100,97.5,87.5,105,140,150,110,5,255,520,525,0,295,500,455,-50,65,42.75,0,40.75,0,0,24.75,300,1,94,83.56,0,0,0,17.6,100,100,95,95,111.34,111.34,0,0,69.37,69.37,89.06,89.06,84.9,84.9,61.88,61.88,100,100,100,100,82.95,82.74
86,5,5,4,5,5,5,0,4,5,1,0,19.66666667,0,97.5,30.434783,100,100,100,100,100,0,0,0,0,76.92307692,100,100,100,92.86,100,0,0,0,0,5,95,100,100,0,0,0,0,0,0,0,0,590,585,0,420,100,285,100,230,0,0,0,35.5,0,0,35.75,0,1,86.67,86.67,0,0,78.67,15.73,88.64,88.64,55.01,55.01,29.85,29.85,0,0,62.35,62.35,0,0,73.96,73.96,89.38,89.38,0,0,100,100,56.5,56.5
87,5,5,5,5,5,4.8,5,5,5,0,0,22,0,110,100,100,100,100,100,100,100,100,100,100,100,100,100,100,100,100,100,100,100,100,5,100,100,120,100,62.5,125,105,140,145,140,5,565,490,-40,-40,415,555,500,0,320,40.75,0,44.25,0,0,20.25,300,0,99.56,99.56,0,0,0,17.6,100,100,100,100,113.68,113.68,0,0,74.76,74.76,84.9,84.9,92.19,92.19,50.63,50.63,100,100,0,0,82.52,82.52
88,0,0,0,0,5,0,0,0,0,0,0,22,0,105,100,100,100,100,100,100,100,100,100,100,46.15384615,100,100,80,100,100,100,100,100,100,3,100,0,105,50,90,100,105,115,78,110,4,436,350,430,365,275,290,275,450,230,0,25.5,0,33.25,32.65,0,0,0,100,11.11,0,0,0,17.6,95.45,95.45,96.31,96.31,85.17,85.17,0,0,83.81,83.81,55.43,55.43,72.28,72.28,72.56,72.56,0,0,0,0,76.17,74.39
89,5,5,4.5,5,5,4.6,5,4,5,4,0,21.66666667,0,110,100,100,100,100,100,100,100,100,100,100,100,100,100,100,100,100,100,100,100,100,5,90,110,119,100,67.5,125,0,140,150,140,0,580,515,465,390,370,545,525,650,320,29,0,37.25,0,0,23.25,300,0,95.78,95.78,0,0,86.67,17.33,100,100,100,100,104.13,104.13,0,0,117.68,117.68,60.42,60.42,77.6,77.6,58.13,58.13,100,100,0,0,86.8,86.8
90,5,5,4,5,5,4.6,5,5,5,0,0,21.66666667,0,80,0,100,100,100,100,100,100,100,100,100,0,0,0,100,64.29,100,100,100,100,100,5,100,100,120,100,72.5,125,85,135,150,120,0,570,570,-40,240,0,480,460,675,485,36.5,0,40.25,0,0,36.75,300,0,96.89,96.89,0,0,86.67,17.33,72.73,72.73,78.21,78.21,110.7,110.7,0,0,92.85,92.85,76.04,76.04,83.85,83.85,91.88,91.88,100,100,0,0,89.31,89.31
91,0,5,4,5,5,3.6,5,5,5,0,0,21.66666667,0,110,100,100,100,100,100,100,100,100,100,100,61.53846154,100,100,100,100,100,100,100,100,100,5,100,100,119,100,97.5,94.5,85,118,145,140,2,590,-60,520,-40,467.5,570,597.5,690,375,29,0,40.25,0,0,21,300,1,83.56,83.56,0,0,86.67,17.33,100,100,98.08,98.08,109.85,109.85,0,0,100.19,100.19,60.42,60.42,83.85,83.85,52.5,52.5,100,100,100,100,83.51,83.51
92,5,0,0,5,5,4,0,0,0,4.5,0,21,0,105,100,96.55,100,100,100,100,100,100,100,100,100,88.24,100,100,28.57,0,100,100,100,0,5,0,100,0,100,60,90,100,107,135,140,5,295,325,390,340,175,90,250,440,0,27,0,41.75,0,0,0,0,0,52.22,52.22,0,0,0,16.8,95.45,95.45,85.67,85.67,83.28,83.28,0,0,62.35,62.35,56.25,56.25,86.98,86.98,0,0,0,0,0,0,57.64,57.64
93,5,3,2,5,0,4,5,3,5,3,0,22,0,110,100,100,100,100,100,98,100,100,97.62,100,100,70.59,100,100,78.57,100,100,100,100,100,5,90,90,0,0,87.5,100,105,135,150,140,5,580,555,480,650,385,590,675,525,350,19.25,0,23.75,0,0,13.25,300,1,77.78,77.78,0,0,0,17.6,100,100,97.24,97.24,89.8,89.8,0,0,129.42,129.42,40.1,40.1,49.48,49.48,33.13,33.13,100,100,100,100,75.49,75.49
94,5,5,4.5,5,5,4.8,5,5,5,4.5,0,22,0,110,100,100,100,100,100,100,100,100,100,100,100,94.12,100,100,100,100,100,100,100,100,5,105,110,120,100,67.5,105,105,135,145,140,3,570,550,575,605,420,460,485,680,350,37.5,0,44.5,0,0,34.75,300,1,98.44,98.44,0,0,0,17.6,100,100,99.71,99.71,113.18,113.18,0,0,126.8,126.8,78.13,78.13,92.71,92.71,86.88,86.88,100,100,100,100,102.2,102.2
95,5,0,0,0,0,0,0,0,0,0,0,19.75,0,99,0,0,0,0,0,0,0,0,0,0,0,0,0,0,0,0,0,0,0,0,5,0,0,0,0,0,0,0,0,0,0,0,0,0,0,0,0,0,0,0,0,0,0,0,0,0,0,0,0,100,11.11,0,0,79,15.8,90,90,0,0,2.44,0.5,0,0,0,0,0,0,0,0,0,0,0,0,0,0,4.88,0.26
96,5,3,0,5,5,4,0,2,5,3,0,21.5,0,105,100,100,100,100,100,100,100,100,100,100,61.53846154,94.12,85.71,100,100,100,100,100,100,100,5,80,100,40,65,25,95,85,115,150,100,0,479,430,465,200,170,375,360,485,215,23,0,29.25,0,0,19.75,300,0,71.11,71.11,0,0,0,17.2,95.45,95.45,97.07,97.07,85.57,85.57,0,0,85.8,85.8,47.92,47.92,60.94,60.94,49.38,49.38,100,100,0,0,69.65,69.65
97,5,5,4,5,5,2.8,5,4,5,3.5,0,21.66666667,0,100,84.782609,100,100,100,100,100,100,100,100,100,100,100,100,100,100,100,100,100,100,100,5,110,110,120,100,90,97.5,90,112,150,140,4,400,505,435,490,330,490,267.5,595,160,26,0,29.75,0,0,29.75,0,0,92.22,92.22,0,0,86.67,17.33,90.91,90.91,99.24,99.24,111.89,111.89,0,0,99.23,99.23,54.17,54.17,61.98,61.98,74.38,74.38,0,0,0,0,80.56,80.56
98,5,5,5,5,5,4.4,5,5,5,3,0,22,0,110,100,100,100,100,100,100,100,100,100,100,100,100,100,100,78.57,100,0,100,0,0,5,110,110,120,100,87.5,125,90,130,150,140,0,580,535,450,380,235,560,612.5,605,220,40,0,40,0,0,33.75,300,1,98.67,98.67,0,0,0,17.6,100,100,83.93,83.93,116.17,116.17,0,0,112.75,112.75,83.33,83.33,83.33,83.33,84.38,84.38,100,100,100,100,96.13,96.13
99,0,0,0,0,0,0,0,0,0,0,0,21.66666667,0,110,100,100,100,100,100,100,0,0,0,0,100,100,100,100,100,100,0,0,0,0,0,0,0,70,60,0,100,0,0,0,0,5,535,465,415,200,0,0,0,0,0,0,36,0,0,0,0,0,0,0,0,0,0,0,17.33,100,100,100,60,45.54,22.89,0,0,80.8,43.72,78.26,78.26,0,0,0,0,0,0,0,0,78.57,32.85
100,5,4,3.5,5,5,3.8,0,5,0,0,0,21.75,0,110,100,100,100,100,100,92,100,100,100,100,61.53846154,35.29,92.86,80,64.29,0,100,0,0,75,3,110,80,100,85,0,100,105,90,105,100,5,265,435,400,330,260,330,280,425,190,35.25,0,0,45.4,0,30.25,300,1,69.56,69.56,0,0,0,17.4,100,100,75.05,75.05,87.36,87.36,0,0,78.81,78.81,73.44,73.44,98.7,98.7,75.63,75.63,100,100,100,100,83.19,83.19
101,0,0,0,0,0,0,0,0,0,0,0,21.66666667,0,110,100,100,100,100,100,100,100,100,100,100,100,100,100,100,100,100,100,100,100,100,5,110,110,120,100,90,112.5,95,90,145,140,4,555,580,550,400,420,268,320,420,250,0,37,0,42.5,38.38,0,0,1,0,0,0,0,86.67,17.33,100,100,100,100,111.19,111.19,0,0,101.67,101.67,80.43,80.43,92.39,92.39,85.29,85.29,0,0,100,100,93.56,92.63
102,0,0,0,0,0,0,0,0,0,0,0,0,0,0,0,0,0,0,0,0,0,0,0,0,0,0,0,0,0,0,0,0,0,0,0,0,0,0,0,0,0,0,0,0,0,0,0,0,0,0,0,0,0,0,0,0,0,0,0,0,0,0,0,0,0,0,0,0,0,0,0,0,0,0,0,0,0,0,0,0,0,0,0,0,0,0,0,0,0,0,0
103,0,0,0,0,0,0,0,0,0,0,0,22,0,110,100,100,100,100,100,0,0,0,0,0,84.61538462,100,92.86,100,64.29,0,0,0,0,0,5,90,98,40,0,0,0,0,0,0,0,5,305,300,420,0,0,0,0,0,0,0,-4.6,0,0,0,0,0,0,0,0,0,0,0,17.6,100,100,67.27,47.09,46.14,23.18,0,0,44.69,27.8,-10,0,0,0,0,0,0,0,0,0,32.44,13.51
104,0,5,0,0,0,0,0,0,0,0,0,20.75,0,98,10.869565,100,100,100,0,0,0,0,0,0,15.38461538,94.12,21.43,80,0,0,0,0,0,0,5,110,100,0,0,0,0,0,0,0,0,4,505,350,70,0,0,0,0,0,0,0,0,0,0,0,0,0,0,20,12.5,0,0,0,16.6,89.09,89.09,43.48,26.09,42.57,21.39,0,0,40.3,25.07,0,0,0,0,0,0,0,0,0,0,40.51,10.84
105,5,5,0,5,5,4.8,5,5,5,3,0,22,0,110,50,79.31,100,53.85,100,100,100,100,100,100,100,100,7.14,100,71.43,0,100,100,100,100,5,55,100,0,75,75,75,105,135,145,136,5,320,535,495,355,320,0,270,340,250,40,0,43.5,0,0,28,300,0,95.11,95.11,0,0,0,17.6,100,100,83.09,83.09,90.15,90.15,0,0,78,78,83.33,83.33,90.63,90.63,70,70,100,100,0,0,82.79,82.79
106,5,5,5,5,5,4.8,5,4,5,3.5,0,21.66666667,0,110,100,100,100,100,100,100,100,100,100,100,100,100,100,100,100,100,100,50,100,100,5,110,110,100,90,50,100,105,140,144,140,0,545,560,545,455,315,435,470,485,0,36.5,0,35.25,0,0,29.75,300,0,97.33,97.33,0,0,0,17.33,100,100,97.5,97.5,108.86,108.86,0,0,102.83,102.83,76.04,76.04,73.44,73.44,74.38,74.38,100,100,0,0,88.4,88.4
107,5,1,1,0,0,0,0,0,0,0,0,22,0,110,30.434783,100,100,0,0,0,0,0,0,0,61.53846154,88.24,78.57,0,0,0,0,0,0,0,5,65,0,0,0,0,0,0,0,0,0,0,355,490,0,0,0,0,0,0,0,0,0,0,0,0,0,0,0,46.67,15.56,0,0,0,17.6,100,100,76.46,22.94,34.15,6.97,0,0,70.12,22.81,0,0,0,0,0,0,0,0,0,0,64.09,8.86
108,5,5,3.5,5,5,4,5,2,5,1,0,20.5,0,105,100,100,100,100,100,100,100,100,100,100,100,100,100,100,21.43,14.29,100,100,100,100,4.5,70,100,90,30,70,100,105,110,90,140,0,485,460,255,290,0,307.5,400,470,250,38.25,0,36.25,0,0,23.25,200,0,87.78,87.78,0,0,0,16.4,95.45,95.45,91.79,91.79,90.5,90.5,0,0,78.74,78.74,79.69,79.69,75.52,75.52,58.13,58.13,66.67,66.67,0,0,77.67,77.67
109,5,5,4,5,5,4.4,5,5,5,3,0,22,0,110,100,100,100,100,100,100,100,100,100,100,100,100,100,100,100,100,100,100,100,100,4,90,110,80,80,30,100,105,65,131,130,5,547.5,455,490,590,385,422.5,500,447.5,235,42.25,0,44.5,0,0,23.15,300,1,96.44,96.44,0,0,0,17.6,100,100,100,100,92.04,92.04,0,0,110.05,110.05,88.02,88.02,92.71,92.71,57.88,57.88,100,100,100,100,92.58,92.58
110,0,0,0,0,0,0,0,0,0,0,0,21,0,105,0,100,100,100,100,100,100,100,100,100,0,100,100,100,92.86,85.71,100,100,100,100,3,100,0,100,70,100,87.5,50,90,115,140,5,590,370,180,360,290,490,300,260,250,34,0,38.25,0,0,34.75,0,0,0,0,0,0,0,16.8,95.45,95.45,88.93,88.93,85.12,85.12,0,0,83.54,83.54,70.83,70.83,79.69,79.69,86.88,86.88,0,0,0,0,80.19,80.19
111,0,0,0,0,0,0,0,0,0,0,0,20.66666667,0,93,0,0,0,0,0,100,100,93.75,92.86,77.14,0,0,0,100,100,71.43,0,100,100,100,0,60,0,0,0,0,0,105,110,140,136,0,520,290,565,0,455,0,310,345,240,0,38.5,0,0,46.85,0,0,0,0,0,0,0,82.67,16.53,84.55,84.55,51.76,51.76,54.83,54.83,0,0,73.55,73.55,83.7,83.7,0,0,104.11,104.11,0,0,0,0,64.08,62.8
112,0,0,0,0,0,0,0,0,0,0,0,21,0,110,0,0,0,0,0,0,0,0,0,0,0,0,0,0,0,0,0,0,0,0,2,0,0,0,0,0,0,0,0,0,0,0,0,0,0,0,0,0,0,0,0,0,0,0,0,0,0,0,0,0,0,0,0,0,16.8,100,100,0,0,40,0.2,0,0,0,0,0,0,0,0,0,0,0,0,0,0,40,0.02
113,0,3,0,0,0,0,0,0,0,0,0,21.75,0,110,100,100,100,100,100,100,100,100,100,100,84.61538462,0,71.43,100,14.29,100,100,100,100,100,4.5,60,90,20,70,55,100,70,85,70,63,3,415,480,0,135,190,375,170,263,150,37.5,0,31.75,0,0,19.75,0,1,7.5,7.5,0,0,0,17.4,100,100,88.52,88.52,68.41,68.41,0,0,58.87,58.87,78.13,78.13,66.15,66.15,49.38,49.38,0,0,100,100,65.54,65.54
114,5,1,4,0,0,0,0,0,0,0,0,21.75,0,103.5,100,100,100,0,0,0,0,0,0,0,100,100,100,0,0,0,0,0,0,0,4,80,90,0,0,0,0,0,0,0,0,5,220,260,0,0,0,0,0,0,0,0,0,0,0,0,0,0,0,90,22.22,0,0,0,17.4,94.09,94.09,100,30,84.88,17.31,0,0,40.25,13.09,0,0,0,0,0,0,0,0,0,0,63.67,8.1
115,5,5,3.5,5,5,0,5,1.5,0,0,0,21,0,110,100,100,100,100,100,14,100,100,100,100,100,100,100,100,85.71,14.29,100,100,100,100,5,110,110,0,0,0,0,0,0,87,125,5,552.5,590,455,380,285,590,315,352.5,200,36.5,0,22,0,0,31.25,300,1,66.67,66.67,0,0,0,16.8,100,100,90.7,90.7,43.48,43.48,0,0,100.54,100.54,76.04,76.04,45.83,45.83,78.13,78.13,100,100,100,100,78.05,78.05
116,5,5,5,5,5,3.2,0,4.5,5,1.5,0,22,0,110,100,100,100,100,100,100,100,100,100,100,100,100,100,100,85.71,14.29,100,100,100,100,5,110,110,0,0,0,0,0,0,82,125,5,570,590,505,395,272.5,575,300,387.5,200,39.5,0,41,0,0,32.5,300,1,87.11,87.11,0,0,0,17.6,100,100,95,95,42.99,42.99,0,0,102.56,102.56,82.29,82.29,85.42,85.42,81.25,81.25,100,100,100,100,88.2,88.2
117,5,0,2.5,5,5,0,0,0,0,0,0,22,0,110,80.434783,3.45,100,100,0,100,0,0,0,0,61.53846154,17.65,0,100,0,0,0,0,0,0,5,105,100,75,0,0,0,0,0,0,0,5,0,0,0,150,0,0,0,0,0,0,0,0,0,0,0,0,0,87.5,38.89,0,0,0,17.6,100,100,46.92,28.15,56.44,28.36,0,0,6.72,4.18,0,0,0,0,0,0,0,0,0,0,28.09,6.91
118,5,3,3,5,0,4.6,5,4,5,3,0,16.91666667,0,105,97.82609,100,100,100,100,100,100,100,100,100,30.769,76.47,100,100,100,100,100,100,100,100,2,80,75,55,70,45,50,100,80,125,50,5,260,355,300,185,175,0,0,271,270,27,0,37.25,0,0,25.75,300,0,86.5,83.56,0,0,67.67,13.53,95.45,95.45,95.25,95.25,72.84,72.84,0,0,49.15,49.15,56.25,56.25,77.6,77.6,64.38,64.38,100,100,0,0,66.94,66.89
119,5,5,4,5,5,5,5,5,5,0,0,22,0,110,100,100,100,100,100,100,100,100,100,100,100,41.18,100,100,0,71.43,100,100,100,100,5,95,100,0,0,0,100,65,110,0,0,5,410,370,0,200,100,0,100,0,0,31.25,0,34.75,0,0,10.75,300,0,100,97.78,0,0,0,17.6,100,100,90.63,90.63,47.26,47.26,0,0,31.98,31.98,65.1,65.1,72.4,72.4,26.88,26.88,100,100,0,0,53.95,53.9
120,5,5,3,5,5,4.6,5,0,0,0,0,21.75,0,96,28.26087,100,100,100,100,100,0,0,0,0,23.07692308,82.35,78.57,100,0,0,0,0,0,0,0,100,100,10,0,0,0,0,0,0,0,4,508,585,295,230,45,0,0,0,0,0,0,0,0,0,0,0,0,98.67,72.44,0,0,0,17.4,87.27,87.27,67.69,40.61,41.58,20.9,0,0,72.32,44.99,0,0,0,0,0,0,0,0,0,0,67,18.43
121,5,5,5,5,5,4.6,5,5,5,3.5,0,22,0,110,100,100,100,100,100,100,100,100,100,100,100,100,100,100,100,100,100,100,100,100,2,90,100,95,60,80,100,100,115,110,140,3,557.5,600,465,495,380,470,200,480,250,38,0,40.5,0,0,30.5,300,0,99.11,99.11,0,0,0,17.6,100,100,100,100,98.71,98.71,0,0,105.28,105.28,79.17,79.17,84.38,84.38,76.25,76.25,100,100,0,0,91.37,91.37
122,5,3,3,5,5,5,5,4,5,1,0,22,0,110,100,100,100,100,100,100,100,100,100,100,100,100,100,100,100,85.71,100,100,100,100,5,110,100,115,90,85,100,85,110,0,140,5,560,540,525,555,375,340,440,0,0,27,0,40.75,0,0,24.25,200,1,88.89,88.89,0,0,0,17.6,100,100,99.29,99.29,93.53,93.53,0,0,90.15,90.15,56.25,56.25,84.9,84.9,60.62,60.62,66.67,66.67,100,100,80.48,80.48
123,5,5,5,5,5,3.8,5,5,0,3,0,20.66666667,0,80.5,0,100,100,100,100,100,100,100,100,100,100,100,100,100,100,100,100,100,100,100,4.5,70,110,120,50,50,100,70,135,109,140,2,395,495,525,410,350,360,200,320,150,38.5,0,38.25,0,0,25.5,250,1,92.89,92.89,0,0,0,16.53,73.18,73.18,95,95,95.37,95.37,0,0,86.56,86.56,80.21,80.21,79.69,79.69,63.75,63.75,83.33,83.33,100,100,83.56,83.56
124,5,5,4.5,5,5,4.2,5,4.5,0,1,0,21.66666667,0,94,100,100,100,100,100,100,100,100,100,100,92.30769231,100,100,100,100,100,100,100,100,100,5,110,110,110,37,0,112.5,60,0,34,30,4,290,590,320,360,300,280,200,0,185,44,0,41.75,0,0,28.25,300,0,95.5,87.11,0,0,86.67,17.33,85.45,85.45,99.62,99.62,60.55,60.55,0,0,68.26,68.26,91.67,91.67,86.98,86.98,70.63,70.63,100,100,0,0,80.61,80.44
125,5,3,0,0,0,0,0,0,0,0,0,20.16666667,0,100,0,0,0,0,0,0,0,0,0,0,0,0,0,0,0,0,0,0,0,0,4,65,0,0,0,0,0,0,0,0,0,5,240,230,0,0,0,0,0,0,0,0,0,0,0,0,0,0,0,53.33,17.78,0,0,0,16.13,90.91,90.91,0,0,33.66,6.87,0,0,29.6,12.82,0,0,0,0,0,0,0,0,0,0,24.8,4.11
126,5,5,0,0,0,0,0,0,0,0,0,22,0,92.5,100,100,0,0,0,0,0,0,0,0,84.61528462,70.59,0,0,0,0,0,0,0,0,4.5,0,0,0,0,0,0,0,0,0,0,0,0,0,0,0,0,0,0,0,0,0,0,0,0,0,0,0,0,100,22.22,0,0,88,17.6,84.09,84.09,88.8,17.76,90,0.45,0,0,0,0,0,0,0,0,0,0,0,0,0,0,40.18,2.26
127,5,0,3,5,5,0,5,0,0,0,0,22,0,110,0,100,100,100,100,100,100,100,100,0,0,100,85.71,0,0,0,0,0,0,0,4,0,100,0,0,0,0,0,0,0,0,0,240,0,0,370,0,0,0,0,0,15.5,0,6,0,0,0,0,0,51.11,51.11,0,0,0,17.6,100,100,49.29,49.29,10.35,10.35,0,0,16.46,16.46,32.29,32.29,12.5,12.5,0,0,0,0,0,0,18.96,18.96
128,5,5,5,5,0,2.4,5,4,5,1.5,0,22,0,110,100,100,100,100,100,100,100,100,100,100,61.53846154,88.235,50,80,57.14,14.29,100,100,100,100,3,0,110,0,0,0,0,0,0,0,0,0,510,570,490,365,200,365,300,377.5,100,20.75,0,23.5,0,0,21,300,0,91,84.22,0,0,0,17.6,100,100,87.56,87.56,11.24,11.24,0,0,88.46,88.46,43.23,43.23,48.96,48.96,52.5,52.5,100,100,0,0,61.41,61.27
129,5,5,3,0,5,4.2,0,5,0,3,0,21,0,96,95.652174,44.83,89.19,95.65,44.74,100,100,100,80.92,100,100,70.59,85.71,100,85.71,71.43,100,100,0,100,4,75,110,0,0,25,125,105,140,140,140,3,590,590,320,430,475,410,400,381,250,27,0,46,0,0,34.25,300,1,67.11,67.11,0,0,0,16.8,87.27,87.27,83.22,83.22,95.47,85.97,0,0,103.89,103.89,56.25,56.25,95.83,95.83,85.63,85.63,100,100,100,100,89.17,88.41
130,0,0,0,0,0,0,0,0,0,0,0,20.25,0,101,0,0,35.14,43.48,0,0,0,0,0,0,0,52.94,64.29,53.85,0,0,0,0,0,0,0,0,0,0,0,0,0,0,0,0,0,0,0,370,0,0,0,0,0,0,0,0,0,0,0,0,0,0,0,0,0,0,0,0,16.2,91.82,91.82,31.21,12.49,0,0,0,0,23.05,9.99,0,0,0,0,0,0,0,0,0,0,20.66,3.75
131,5,5,4.5,5,5,4.2,5,4,5,4,0,18.91666667,0,85,84.782609,96.55,81.09,100,76.31,98,100,100,92.86,97.14,69.23076923,88.24,92.86,100,100,100,100,100,100,100,0,33,90,0,60,100,125,105,130,150,130,3.5,466,555,475,650,330,440,550,530,325,24,0,36.25,0,0,16.75,300,1,94.89,94.89,0,0,75.67,15.13,77.27,77.27,93.85,93.85,91.84,91.84,0,0,116.72,116.72,50,50,75.52,75.52,41.88,41.88,100,100,100,100,80.61,80.61
132,5,5,4.5,5,5,3,5,5,5,4.5,0,20.5,0,102.5,100,100,100,100,100,100,100,100,100,100,100,100,100,100,100,100,100,100,100,100,5,100,100,120,0,100,100,105,132.5,150,140,0,455,585,0,650,355,425,490,620,290,34.25,0,30.25,0,0,21.5,300,1,97.78,97.78,0,0,0,16.4,93.18,93.18,100,100,104.73,104.73,0,0,104.45,104.45,71.35,71.35,63.02,63.02,53.75,53.75,100,100,100,100,83.1,83.1
133,5,5,4.5,5,5,3.2,5,5,5,3,0,21,0,95,100,100,100,100,100,100,100,100,100,100,100,100,100,100,100,100,100,100,100,100,5,100,110,110,100,95,125,105,130,150,140,5,573,580,-40,-40,400,560,650,685,317.5,34,0,38.25,0,0,37.5,300,1,94.89,94.89,0,0,0,16.8,86.36,86.36,100,100,116.42,116.42,0,0,99.61,99.61,70.83,70.83,79.69,79.69,93.75,93.75,100,100,100,100,93.27,93.27
134,0,0,0,0,0,0,0,0,0,0,0,22,0,110,0,0,0,0,0,0,0,0,0,0,0,0,0,0,0,0,0,0,0,0,0,0,0,0,0,0,0,0,0,0,0,0,0,0,0,0,0,0,0,0,0,0,0,0,0,0,0,0,0,0,0,0,0,0,17.6,100,100,0,0,0,0,0,0,0,0,0,0,0,0,0,0,0,0,0,0,0,0
135,0,0,0,0,0,0,0,0,0,0,0,0,0,0,0,0,0,0,0,0,0,0,0,0,0,0,0,0,0,0,0,0,0,0,0,0,0,0,0,0,0,0,0,0,0,0,0,0,0,0,0,0,0,0,0,0,0,0,0,0,0,0,0,0,0,0,0,0,0,0,0,0,0,0,0,0,0,0,0,0,0,0,0,0,0,0,0,0,0,0,0
136,5,3,4,5,5,3,0,4,5,0,0,22,0,110,97.826087,100,89.19,100,100,96,100,0,100,100,100,94.12,71.43,100,100,100,100,0,0,100,5,90,90,100,0,43,100,0,125,0,140,5,546,575,225,200,250,180,345,0,225,21.75,0,27.25,0,0,17.25,300,0,75.56,75.56,0,0,0,17.6,100,100,82.43,82.43,68.96,68.96,0,0,68.85,68.85,45.31,45.31,56.77,56.77,43.13,43.13,100,100,0,0,60.3,60.3
137,5,5,4.5,5,5,0,5,5,5,0,0,22,0,102.5,100,100,89.19,100,0,0,0,0,0,100,92.30769231,64.71,35.71,100,0,0,50,0,0,50,5,105,100,90,51,63,0,105,127.5,125,140,5,502,476,425,240,405,420,100,275,340,27.25,0,38.5,0,0,29.75,0,0,87.78,87.78,0,0,0,17.6,93.18,93.18,44.1,44.1,90.7,90.7,0,0,86.05,86.05,56.77,56.77,80.21,80.21,74.38,74.38,0,0,0,0,73.72,73.72
138,5,3,0,5,5,0,0,0,0,0,0,18.66666667,0,99,45.652174,0,37.84,100,97.37,56,0,0,0,0,61.53846154,5.88,7.14,61.5,0,0,0,0,0,0,3,50,80,0,0,0,0,0,0,0,0,0,0,0,0,0,0,0,0,0,0,23,0,23,0,0,0,0,0,40,40,0,0,74.67,14.93,90,90,23.65,23.65,13.23,13.23,0,0,0,0,47.92,47.92,47.92,47.92,0,0,0,0,0,0,21.47,21.47
139,0,3,4.5,0,0,0,0,0,0,0,0,22,0,110,100,100,100,100,0,0,0,0,0,0,76.92307692,41.18,42.86,76.92,0,0,0,0,0,0,5,0,0,0,0,0,0,0,0,0,0,0,185,0,0,0,0,0,0,0,0,0,0,0,0,0,0,0,0,75,18.75,0,0,0,17.6,100,100,53.16,31.89,0.83,0.5,0,0,8.03,4.99,0,0,0,0,0,0,0,0,0,0,19.75,4.85
140,0,0,0,0,0,0,0,0,0,0,0,0,0,0,0,0,0,0,0,0,0,0,0,0,0,0,0,0,0,0,0,0,0,0,0,0,0,0,0,0,0,0,0,0,0,0,0,0,0,0,0,0,0,0,0,0,0,0,0,0,0,0,0,0,0,0,0,0,0,0,0,0,0,0,0,0,0,0,0,0,0,0,0,0,0,0,0,0,0,0,0
141,0,3,4,0,0,0,0,0,0,0,0,19.83333333,0,78.5,0,96.55,100,100,100,0,0,0,0,0,7.692307692,82.35,85.71,80,0,0,0,0,0,0,0,40,40,15,0,0,0,0,0,0,0,4,170,0,0,0,0,0,0,0,0,22.25,0,0,0,0,0,0,0,20,17.5,0,0,79.33,15.87,71.36,71.36,32.62,32.62,9.45,9.45,0,0,4.7,4.7,46.35,46.35,0,0,0,0,0,0,0,0,13.94,13.89
142,5,5,0,0,0,0,0,0,0,0,0,21.66666667,0,110,100,86.21,100,100,0,0,0,0,0,0,100,5.88,0,100,0,0,0,0,0,0,5,105,65,0,0,0,0,0,0,0,0,0,585,195,0,0,0,0,0,0,0,24.75,0,0,0,0,0,0,0,22.22,22.22,0,0,86.67,17.33,100,100,29.6,29.6,17.41,17.41,0,0,21.05,21.05,51.56,51.56,0,0,0,0,0,0,0,0,19.34,19.34
143,0,0,0,0,0,0,0,0,0,0,0,22,0,110,100,100,100,100,100,100,100,100,100,100,100,100,100,100,100,100,100,100,100,100,3,101,110,85,75,45,112.5,105,137.5,150,140,0,576,560,575,592.5,420,575,475,603,405,0,31,0,34.75,32.25,0,0,1,0,0,0,0,0,17.6,100,100,100,100,105.87,105.87,0,0,129.06,129.06,67.39,67.39,75.54,75.54,71.67,71.67,0,0,100,100,92,91.08
144,5,3,3.5,5,5,3.8,5,0,0,0,0,22,0,110,100,100,100,100,100,100,100,100,100,65.71,100,100,100,100,7.14,100,100,50,100,0,2,0,0,0,0,0,0,0,107.5,0,140,4.5,565,455,430,510,288.75,400,150,545,330,36,0,37.75,0,0,18.75,0,0,67.33,67.33,0,0,0,17.6,100,100,86.14,86.14,24.83,24.83,0,0,99.28,99.28,75,75,78.65,78.65,46.88,46.88,0,0,0,0,73.33,73.33
145,0,5,5,5,5,4,5,4,5,0,0,22,0,110,100,100,100,100,100,100,100,100,100,100,100,100,100,100,100,100,100,100,100,100,5,110,110,120,100,100,125,105,139,150,140,5,585,590,525,620,520,590,550,685,380,35.5,0,39.25,0,0,37.05,300,1,84.44,84.44,0,0,0,17.6,100,100,100,100,119.8,119.8,0,0,136.3,136.3,73.96,73.96,81.77,81.77,92.62,92.62,100,100,100,100,103.23,103.23
146,5,5,5,5,5,3.8,5,5,5,2,0,22,0,110,100,100,100,100,100,100,100,100,100,100,100,100,100,100,100,100,100,100,100,100,5,109,110,120,100,100,125,85,140,150,140,5,590,600,525,520,495,585,600,705,425,34.5,0,34.25,0,0,34.75,300,1,97.33,97.33,0,0,0,17.6,100,100,100,100,117.81,117.81,0,0,136.3,136.3,71.88,71.88,71.35,71.35,86.88,86.88,100,100,100,100,99.98,99.98
147,5,5,4,5,5,3,5,5,5,3,0,22,0,110,100,100,100,100,100,100,100,100,100,100,100,100,100,100,100,100,100,100,100,100,5,90,95,90,50,100,125,105,132.5,150,140,5,266,580,555,200,300,470,465,680,235,38.25,0,40.75,0,0,29.25,300,1,93.33,93.33,0,0,0,17.6,100,100,100,100,107.71,107.71,0,0,101.38,101.38,79.69,79.69,84.9,84.9,73.13,73.13,100,100,100,100,91.6,91.6
148,5,1,4,5,5,4,5,5,5,3,0,22,0,110,100,100,100,100,100,100,100,100,100,100,100,100,100,100,100,100,100,100,100,100,5,100,90,90,50,35,112.5,105,132.5,150,140,3,555,570,495,432.5,455,440,570,675,335,36.75,0,39.75,0,0,33.9,300,1,91.11,91.11,0,0,0,17.6,100,100,100,100,100.5,100.5,0,0,122.28,122.28,76.56,76.56,82.81,82.81,84.75,84.75,100,100,100,100,97.47,97.47
149,5,5,4,5,5,5,5,5,5,5,0,20.5,0,110,100,100,100,100,100,100,100,100,100,100,100,100,100,100,100,100,100,100,100,100,5,105,110,120,100,100,125,105,140,150,140,5,498,590,555,685,520,590,600,-50,470,39,0,36.75,0,0,32.5,300,1,100,100,0,0,0,16.4,100,100,100,100,119.4,119.4,0,0,120.46,120.46,81.25,81.25,76.56,76.56,81.25,81.25,100,100,100,100,97.76,97.76
150,5,3,4.5,5,5,4.4,5,5,5,2.5,0,21,0,95,100,100,100,100,100,100,100,100,100,100,100,100,100,100,100,100,100,100,100,100,5,95,110,110,70,100,0,0,0,0,0,5,560,585,370,400,0,470,0,390,245,34.5,0,35.5,0,0,26.75,0,0,93.11,93.11,0,0,0,16.8,86.36,86.36,100,100,48.76,48.76,0,0,81.65,81.65,71.88,71.88,73.96,73.96,66.88,66.88,0,0,0,0,75.13,75.13
151,5,5,3.5,5,5,3,5,3,5,0,0,15.58333333,0,85,0,0,100,100,100,100,100,100,100,100,0,0,14.29,100,57.14,100,100,100,100,100,4,95,70,120,81,68,112.5,105,135,150,140,4,560,570,530,0,390,360,480,575,375,34.5,0,37.25,0,0,29.25,300,1,87.78,87.78,0,0,62.33,12.47,77.27,77.27,73.57,73.57,107.51,107.51,0,0,103.75,103.75,71.88,71.88,77.6,77.6,73.13,73.13,100,100,100,100,86.7,86.7
152,5,4,3.5,5,5,4.4,5,5,5,0,0,0,0,81,100,100,100,100,100,100,100,100,100,100,100,100,100,100,100,100,100,100,100,100,4,15,100,80,0,0,100,80,140,0,100,2.5,282,395,435,362.5,270,295,195,290,120,35.5,0,39.75,0,0,21.5,0,1,93.11,93.11,0,0,0,0,73.64,73.64,100,100,61.59,61.59,0,0,71.44,71.44,73.96,73.96,82.81,82.81,53.75,53.75,0,0,100,100,74.08,74.08
153,5,5,4.5,5,5,4.4,5,3,5,4,0,20,0,110,100,100,100,100,100,100,100,100,100,100,92.30769231,88.24,78.57,100,100,100,100,100,100,100,5,80,0,45,41,50,112.5,105,135,125,140,0,550,500,220,402.5,0,425,560,567.5,317.5,30.5,0,41.75,0,0,22.25,300,0,95.33,95.33,0,0,0,16,100,100,97.96,97.96,92.65,83.43,0,0,95.61,95.61,63.54,63.54,86.98,86.98,55.63,55.63,100,100,0,0,81.93,81.19
154,0,0,0,0,0,0,0,0,0,0,0,0,0,0,0,0,0,0,0,0,0,0,0,0,0,0,0,0,0,0,0,0,0,0,0,0,0,0,0,0,0,0,0,0,0,0,0,0,0,0,0,0,0,0,0,0,0,0,0,0,0,0,0,0,0,0,0,0,0,0,0,0,0,0,0,0,0,0,0,0,0,0,0,0,0,0,0,0,0,0,0
155,5,4,3.5,5,5,5,5,3,0,1,0,22,0,110,100,100,100,100,100,100,100,100,100,100,100,100,100,100,100,100,100,100,100,100,5,99,105,85,61,85,125,105,132.5,130,140,5,540,505,525,415,450,400,610,625,290,40.75,0,31.25,0,0,24,300,1,81.11,81.11,0,0,0,17.6,100,100,100,100,106.72,106.72,0,0,117.81,117.81,84.9,84.9,65.1,65.1,60,60,100,100,100,100,90.26,90.26
156,0,5,4.5,5,5,2,5,5,5,3,0,20,0,105,100,100,100,100,100,100,100,100,100,100,92.30769231,100,100,100,100,100,100,100,100,100,4,98,85,110,100,85,100,105,140,106,140,5,478,480,425,292.5,195,382.5,260,510,220,29.75,0,37.75,0,0,24.5,300,0,87.78,87.78,0,0,0,16,95.45,95.45,99.62,99.62,106.77,106.77,0,0,87.67,87.67,61.98,61.98,78.65,78.65,61.25,61.25,100,100,0,0,80.37,80.37
157,0,5,4,5,5,4,5,5,5,0,0,22,0,101,100,100,100,100,100,100,100,100,100,100,0,100,100,100,100,100,100,100,100,100,4,90,100,110,100,100,112.5,105,140,150,140,4.5,535,-60,-40,-40,515,590,545,630,322.5,33,0,30.25,0,0,32.25,300,1,95,95,0,0,0,17.6,91.82,91.82,95,95,114.58,114.58,0,0,81.03,81.03,68.75,68.75,63.02,63.02,80.63,80.63,100,100,100,100,82.11,82.11
158,5,5,4,5,5,3.6,5,5,5,3,0,18.33333333,0,110,100,100,100,100,100,100,100,100,100,100,92.30769231,100,100,100,100,100,100,100,100,100,5,85,100,110,90,110,56,105,130,150,140,5,511,538,-40,-40,150,430,180,325,145,20.5,0,21.5,0,0,18.75,300,1,94.67,94.67,0,0,73.33,14.67,100,100,99.62,99.62,107.56,107.56,0,0,59.49,59.49,42.71,42.71,44.79,44.79,46.88,46.88,100,100,100,100,62.24,62.24
159,0,5,4.5,5,5,4.2,5,4,5,4.5,0,20.66666667,0,110,100,100,100,100,100,100,100,100,100,100,100,100,100,100,100,100,100,100,100,100,4,95,105,115,81,0,95.5,75,135,145,140,4.5,583,580,-40,410,400,480,515,660,420,34,0,44.25,0,0,31.75,300,1,93.78,93.78,0,0,0,16.53,100,100,100,100,98.56,98.56,0,0,108.3,108.3,70.83,70.83,92.19,92.19,79.38,79.38,100,100,100,100,93.51,93.51
160,5,4,3.5,5,5,3.2,5,5,5,0,0,22,0,105,100,100,100,100,100,100,100,100,100,100,30.76923077,100,100,100,100,100,100,100,100,100,0,100,110,100,0,0,100,100,125,150,140,0,535,550,535,480,385,450,615,625,282.5,40,0,36.25,0,0,15,0,1,90.44,90.44,0,0,0,17.6,95.45,95.45,96.54,96.54,92.5,92.04,0,0,120.31,120.31,83.33,83.33,75.52,75.52,37.5,37.5,0,0,100,100,85.66,85.62
161,0,5,0,5,5,0,5,2,5,3,0,22,0,105,100,100,100,100,100,100,100,100,100,0,100,76.47,78.57,100,78.57,57.14,100,100,100,0,3,70,60,70,25,20,47.5,80,135,0,140,3,555,365,250,137.5,290,0,135,-50,130,30.2,0,21.7,0,0,16.7,0,1,75,75,0,0,0,17.6,95.45,95.45,84.54,84.54,64.73,64.73,0,0,49,49,62.92,62.92,45.21,45.21,41.75,41.75,0,0,100,100,55.78,55.78
162,0,5,2,5,5,4,5,4.5,0,0,0,22,0,105,91,100,100,100,94.74,100,100,100,100,100,100,94.12,78.57,100,35.71,0,0,100,100,75,5,98,90,90,20,0,100,0,132.5,145,140,4,590,562.5,500,352.5,475,445,95,560,335,33.25,0,31.75,0,0,31,300,1,87.14,76.25,0,0,0,17.6,95.45,95.45,83.46,83.46,81.64,81.64,0,0,105.78,105.78,69.27,69.27,66.15,66.15,77.5,77.5,100,100,100,100,84.41,84.2
163,5,3,0,0,0,0,0,0,0,0,0,19.75,0,110,100,100,0,100,0,0,0,0,0,0,84.61538462,88.24,0,84.6,0,0,0,0,0,0,4,100,0,0,0,0,0,0,0,0,0,4,0,0,0,0,0,0,0,0,0,0,0,0,0,0,0,0,0,20,17.78,0,0,0,15.8,100,100,27.87,27.87,10.35,10.35,0,0,0.11,0.11,0,0,0,0,0,0,0,0,0,0,4.04,4
164,5,3,5,5,5,3.2,5,4,5,3,0,22,0,110,100,100,100,100,100,100,100,100,100,100,100,100,100,100,100,100,100,100,100,100,3,60,100,90,90,100,100,100,137.5,145,140,0,543,490,370,355,345,495,570,640,242.5,33.5,0,33.25,0,0,15,300,1,89.33,89.33,0,0,0,17.6,100,100,100,100,106.02,106.02,0,0,109.33,109.33,69.79,69.79,69.27,69.27,37.5,37.5,100,100,100,100,82.01,82.01
